{
"category":"Ascii",
"questions":[
    {
      "question": "Welchen Ascii Code hat ein Space?",
      "answer": "0x20"
    },
    {
      "question": "Welchen Ascii Code hat eine großes A?",
      "answer": "0x41"
    },
    {
      "question": "Welchen Ascii Code hat ein Backspace?",
      "answer": "0x08"
    },
    {
      "question": "Welchen Ascii Code hat ein Linefeed?",
      "answer": "0x0A"
    },
    {
      "question": "Welchen Ascii Code hat ein Carriage Return?",
      "answer": "0x0D"
    }
]}
