{
"category":"Global Places",
"questions":[
    {
      "question": "Wie sieht die Sphinx aus?",
      "image": "sphinx_q.jpeg"
    },
    {
      "question": "Wie sieht der Eiffelturm aus?",
      "image": "eiffelturm_q.jpeg"
    },
    {
      "question": "Wie sieht das Brandenburgertor aus?",
      "image": "brandenburgertor_q.jpeg"
    },
    {
      "question": "Wie sieht die Freiheitsstatue aus?",
      "image": "freiheitsstatue_q.jpeg"
    },
    {
      "question": "Wie sieht die Sagrada Familia aus?",
      "image": "sagrada_q.jpeg"
    }
  ]}
